{
    "accuracy": 0.8992944194996793,
    "confusion_matrix": [
        [
            38728,
            1194
        ],
        [
            3359,
            1930
        ]
    ],
    "classification_report": {
        "0": {
            "precision": 0.9201891320360206,
            "recall": 0.9700916787736086,
            "f1-score": 0.9444817032276945,
            "support": 39922.0
        },
        "1": {
            "precision": 0.617797695262484,
            "recall": 0.3649083002457932,
            "f1-score": 0.4588137406394865,
            "support": 5289.0
        },
        "accuracy": 0.8992944194996793,
        "macro avg": {
            "precision": 0.7689934136492522,
            "recall": 0.6674999895097009,
            "f1-score": 0.7016477219335905,
            "support": 45211.0
        },
        "weighted avg": {
            "precision": 0.8848139288975093,
            "recall": 0.8992944194996793,
            "f1-score": 0.8876659315321109,
            "support": 45211.0
        }
    },
    "roc_auc": 0.8050024784101355
}