{
    "validation": {
        "accuracy": 0.901657458563536,
        "classification_report": "              precision    recall  f1-score   support\n\n           0       0.92      0.98      0.95       807\n           1       0.60      0.28      0.38        98\n\n    accuracy                           0.90       905\n   macro avg       0.76      0.63      0.66       905\nweighted avg       0.88      0.90      0.88       905\n",
        "confusion_matrix": [
            [
                789,
                18
            ],
            [
                71,
                27
            ]
        ],
        "roc_auc": 0.8915737298636928
    },
    "full_dataset": {
        "accuracy": 0.9018822852845546,
        "classification_report": "              precision    recall  f1-score   support\n\n           0       0.92      0.98      0.95     39922\n           1       0.65      0.35      0.45      5289\n\n    accuracy                           0.90     45211\n   macro avg       0.78      0.66      0.70     45211\nweighted avg       0.89      0.90      0.89     45211\n",
        "confusion_matrix": [
            [
                38939,
                983
            ],
            [
                3453,
                1836
            ]
        ],
        "roc_auc": 0.9014444019496555
    }
}