{
    "accuracy": 0.8399504545354006,
    "confusion_matrix": [
        [
            34168,
            5754
        ],
        [
            1482,
            3807
        ]
    ],
    "classification_report": {
        "0": {
            "precision": 0.958429172510519,
            "recall": 0.8558689444416613,
            "f1-score": 0.9042502514158683,
            "support": 39922.0
        },
        "1": {
            "precision": 0.3981801066834013,
            "recall": 0.7197958026091889,
            "f1-score": 0.5127272727272727,
            "support": 5289.0
        },
        "accuracy": 0.8399504545354006,
        "macro avg": {
            "precision": 0.6783046395969601,
            "recall": 0.7878323735254251,
            "f1-score": 0.7084887620715705,
            "support": 45211.0
        },
        "weighted avg": {
            "precision": 0.8928885450269501,
            "recall": 0.8399504545354006,
            "f1-score": 0.8584480122642464,
            "support": 45211.0
        }
    },
    "roc_auc": 0.8736823225217328
}